customer_id,first_name,last_name,email
1,Mary,Smith,mary.smith@sakilacustomer.org
2,Patricia,Johnson,patricia.johnson@sakilacustomer.org
3,Linda,Williams,linda.williams@sakilacustomer.org
4,Barbara,Jones,barbara.jones@sakilacustomer.org
5,Elizabeth,Brown,elizabeth.brown@sakilacustomer.org
6,Jennifer,Davis,jennifer.davis@sakilacustomer.org
7,Maria,Miller,maria.miller@sakilacustomer.org
8,Susan,Wilson,susan.wilson@sakilacustomer.org
9,Margaret,Moore,margaret.moore@sakilacustomer.org
10,Dorothy,Taylor,dorothy.taylor@sakilacustomer.org
11,Lisa,Anderson,lisa.anderson@sakilacustomer.org
12,Nancy,Thomas,nancy.thomas@sakilacustomer.org
13,Karen,Jackson,karen.jackson@sakilacustomer.org
14,Betty,White,betty.white@sakilacustomer.org
15,Helen,Harris,helen.harris@sakilacustomer.org
16,Sandra,Martin,sandra.martin@sakilacustomer.org
17,Donna,Thompson,donna.thompson@sakilacustomer.org
18,Carol,Garcia,carol.garcia@sakilacustomer.org
19,Ruth,Martinez,ruth.martinez@sakilacustomer.org
20,Sharon,Robinson,sharon.robinson@sakilacustomer.org
21,Michelle,Clark,michelle.clark@sakilacustomer.org
22,Laura,Rodriguez,laura.rodriguez@sakilacustomer.org
23,Sarah,Lewis,sarah.lewis@sakilacustomer.org
24,Kimberly,Lee,kimberly.lee@sakilacustomer.org
25,Deborah,Walker,deborah.walker@sakilacustomer.org
26,Jessica,Hall,jessica.hall@sakilacustomer.org
27,Shirley,Allen,shirley.allen@sakilacustomer.org
28,Cynthia,Young,cynthia.young@sakilacustomer.org
29,Angela,Hernandez,angela.hernandez@sakilacustomer.org
30,Melissa,King,melissa.king@sakilacustomer.org
31,Brenda,Wright,brenda.wright@sakilacustomer.org
32,Amy,Lopez,amy.lopez@sakilacustomer.org
33,Anna,Hill,anna.hill@sakilacustomer.org
34,Rebecca,Scott,rebecca.scott@sakilacustomer.org
35,Virginia,Green,virginia.green@sakilacustomer.org
36,Kathleen,Adams,kathleen.adams@sakilacustomer.org
37,Pamela,Baker,pamela.baker@sakilacustomer.org
38,Martha,Gonzalez,martha.gonzalez@sakilacustomer.org
39,Debra,Nelson,debra.nelson@sakilacustomer.org
40,Amanda,Carter,amanda.carter@sakilacustomer.org
41,Stephanie,Mitchell,stephanie.mitchell@sakilacustomer.org
42,Carolyn,Perez,carolyn.perez@sakilacustomer.org
43,Christine,Roberts,christine.roberts@sakilacustomer.org
44,Marie,Turner,marie.turner@sakilacustomer.org
45,Janet,Phillips,janet.phillips@sakilacustomer.org
46,Catherine,Campbell,catherine.campbell@sakilacustomer.org
47,Frances,Parker,frances.parker@sakilacustomer.org
48,Ann,Evans,ann.evans@sakilacustomer.org
49,Joyce,Edwards,joyce.edwards@sakilacustomer.org
50,Diane,Collins,diane.collins@sakilacustomer.org
51,Alice,Stewart,alice.stewart@sakilacustomer.org
52,Julie,Sanchez,julie.sanchez@sakilacustomer.org
53,Heather,Morris,heather.morris@sakilacustomer.org
54,Teresa,Rogers,teresa.rogers@sakilacustomer.org
55,Doris,Reed,doris.reed@sakilacustomer.org
56,Gloria,Cook,gloria.cook@sakilacustomer.org
57,Evelyn,Morgan,evelyn.morgan@sakilacustomer.org
58,Jean,Bell,jean.bell@sakilacustomer.org
59,Cheryl,Murphy,cheryl.murphy@sakilacustomer.org
60,Mildred,Bailey,mildred.bailey@sakilacustomer.org
61,Katherine,Rivera,katherine.rivera@sakilacustomer.org
62,Joan,Cooper,joan.cooper@sakilacustomer.org
63,Ashley,Richardson,ashley.richardson@sakilacustomer.org
64,Judith,Cox,judith.cox@sakilacustomer.org
65,Rose,Howard,rose.howard@sakilacustomer.org
66,Janice,Ward,janice.ward@sakilacustomer.org
67,Kelly,Torres,kelly.torres@sakilacustomer.org
68,Nicole,Peterson,nicole.peterson@sakilacustomer.org
69,Judy,Gray,judy.gray@sakilacustomer.org
70,Christina,Ramirez,christina.ramirez@sakilacustomer.org
71,Kathy,James,kathy.james@sakilacustomer.org
72,Theresa,Watson,theresa.watson@sakilacustomer.org
73,Beverly,Brooks,beverly.brooks@sakilacustomer.org
74,Denise,Kelly,denise.kelly@sakilacustomer.org
75,Tammy,Sanders,tammy.sanders@sakilacustomer.org
76,Irene,Price,irene.price@sakilacustomer.org
77,Jane,Bennett,jane.bennett@sakilacustomer.org
78,Lori,Wood,lori.wood@sakilacustomer.org
79,Rachel,Barnes,rachel.barnes@sakilacustomer.org
80,Marilyn,Ross,marilyn.ross@sakilacustomer.org
81,Andrea,Henderson,andrea.henderson@sakilacustomer.org
82,Kathryn,Coleman,kathryn.coleman@sakilacustomer.org
83,Louise,Jenkins,louise.jenkins@sakilacustomer.org
84,Sara,Perry,sara.perry@sakilacustomer.org
85,Anne,Powell,anne.powell@sakilacustomer.org
86,Jacqueline,Long,jacqueline.long@sakilacustomer.org
87,Wanda,Patterson,wanda.patterson@sakilacustomer.org
88,Bonnie,Hughes,bonnie.hughes@sakilacustomer.org
89,Julia,Flores,julia.flores@sakilacustomer.org
90,Ruby,Washington,ruby.washington@sakilacustomer.org
91,Lois,Butler,lois.butler@sakilacustomer.org
92,Tina,Simmons,tina.simmons@sakilacustomer.org
93,Phyllis,Foster,phyllis.foster@sakilacustomer.org
94,Norma,Gonzales,norma.gonzales@sakilacustomer.org
95,Paula,Bryant,paula.bryant@sakilacustomer.org
96,Diana,Alexander,diana.alexander@sakilacustomer.org
97,Annie,Russell,annie.russell@sakilacustomer.org
98,Lillian,Griffin,lillian.griffin@sakilacustomer.org
99,Emily,Diaz,emily.diaz@sakilacustomer.org
100,Robin,Hayes,robin.hayes@sakilacustomer.org
101,Peggy,Myers,peggy.myers@sakilacustomer.org
102,Crystal,Ford,crystal.ford@sakilacustomer.org
103,Gladys,Hamilton,gladys.hamilton@sakilacustomer.org
104,Rita,Graham,rita.graham@sakilacustomer.org
105,Dawn,Sullivan,dawn.sullivan@sakilacustomer.org
106,Connie,Wallace,connie.wallace@sakilacustomer.org
107,Florence,Woods,florence.woods@sakilacustomer.org
108,Tracy,Cole,tracy.cole@sakilacustomer.org
109,Edna,West,edna.west@sakilacustomer.org
110,Tiffany,Jordan,tiffany.jordan@sakilacustomer.org
111,Carmen,Owens,carmen.owens@sakilacustomer.org
112,Rosa,Reynolds,rosa.reynolds@sakilacustomer.org
113,Cindy,Fisher,cindy.fisher@sakilacustomer.org
114,Grace,Ellis,grace.ellis@sakilacustomer.org
115,Wendy,Harrison,wendy.harrison@sakilacustomer.org
116,Victoria,Gibson,victoria.gibson@sakilacustomer.org
117,Edith,Mcdonald,edith.mcdonald@sakilacustomer.org
118,Kim,Cruz,kim.cruz@sakilacustomer.org
119,Sherry,Marshall,sherry.marshall@sakilacustomer.org
120,Sylvia,Ortiz,sylvia.ortiz@sakilacustomer.org
121,Josephine,Gomez,josephine.gomez@sakilacustomer.org
122,Thelma,Murray,thelma.murray@sakilacustomer.org
123,Shannon,Freeman,shannon.freeman@sakilacustomer.org
124,Sheila,Wells,sheila.wells@sakilacustomer.org
125,Ethel,Webb,ethel.webb@sakilacustomer.org
126,Ellen,Simpson,ellen.simpson@sakilacustomer.org
127,Elaine,Stevens,elaine.stevens@sakilacustomer.org
128,Marjorie,Tucker,marjorie.tucker@sakilacustomer.org
129,Carrie,Porter,carrie.porter@sakilacustomer.org
130,Charlotte,Hunter,charlotte.hunter@sakilacustomer.org
131,Monica,Hicks,monica.hicks@sakilacustomer.org
132,Esther,Crawford,esther.crawford@sakilacustomer.org
133,Pauline,Henry,pauline.henry@sakilacustomer.org
134,Emma,Boyd,emma.boyd@sakilacustomer.org
135,Juanita,Mason,juanita.mason@sakilacustomer.org
136,Anita,Morales,anita.morales@sakilacustomer.org
137,Rhonda,Kennedy,rhonda.kennedy@sakilacustomer.org
138,Hazel,Warren,hazel.warren@sakilacustomer.org
139,Amber,Dixon,amber.dixon@sakilacustomer.org
140,Eva,Ramos,eva.ramos@sakilacustomer.org
141,Debbie,Reyes,debbie.reyes@sakilacustomer.org
142,April,Burns,april.burns@sakilacustomer.org
143,Leslie,Gordon,leslie.gordon@sakilacustomer.org
144,Clara,Shaw,clara.shaw@sakilacustomer.org
145,Lucille,Holmes,lucille.holmes@sakilacustomer.org
146,Jamie,Rice,jamie.rice@sakilacustomer.org
147,Joanne,Robertson,joanne.robertson@sakilacustomer.org
148,Eleanor,Hunt,eleanor.hunt@sakilacustomer.org
149,Valerie,Black,valerie.black@sakilacustomer.org
150,Danielle,Daniels,danielle.daniels@sakilacustomer.org
151,Megan,Palmer,megan.palmer@sakilacustomer.org
152,Alicia,Mills,alicia.mills@sakilacustomer.org
153,Suzanne,Nichols,suzanne.nichols@sakilacustomer.org
154,Michele,Grant,michele.grant@sakilacustomer.org
155,Gail,Knight,gail.knight@sakilacustomer.org
156,Bertha,Ferguson,bertha.ferguson@sakilacustomer.org
157,Darlene,Rose,darlene.rose@sakilacustomer.org
158,Veronica,Stone,veronica.stone@sakilacustomer.org
159,Jill,Hawkins,jill.hawkins@sakilacustomer.org
160,Erin,Dunn,erin.dunn@sakilacustomer.org
161,Geraldine,Perkins,geraldine.perkins@sakilacustomer.org
162,Lauren,Hudson,lauren.hudson@sakilacustomer.org
163,Cathy,Spencer,cathy.spencer@sakilacustomer.org
164,Joann,Gardner,joann.gardner@sakilacustomer.org
165,Lorraine,Stephens,lorraine.stephens@sakilacustomer.org
166,Lynn,Payne,lynn.payne@sakilacustomer.org
167,Sally,Pierce,sally.pierce@sakilacustomer.org
168,Regina,Berry,regina.berry@sakilacustomer.org
169,Erica,Matthews,erica.matthews@sakilacustomer.org
170,Beatrice,Arnold,beatrice.arnold@sakilacustomer.org
171,Dolores,Wagner,dolores.wagner@sakilacustomer.org
172,Bernice,Willis,bernice.willis@sakilacustomer.org
173,Audrey,Ray,audrey.ray@sakilacustomer.org
174,Yvonne,Watkins,yvonne.watkins@sakilacustomer.org
175,Annette,Olson,annette.olson@sakilacustomer.org
176,June,Carroll,june.carroll@sakilacustomer.org
177,Samantha,Duncan,samantha.duncan@sakilacustomer.org
178,Marion,Snyder,marion.snyder@sakilacustomer.org
179,Dana,Hart,dana.hart@sakilacustomer.org
180,Stacy,Cunningham,stacy.cunningham@sakilacustomer.org
181,Ana,Bradley,ana.bradley@sakilacustomer.org
182,Renee,Lane,renee.lane@sakilacustomer.org
183,Ida,Andrews,ida.andrews@sakilacustomer.org
184,Vivian,Ruiz,vivian.ruiz@sakilacustomer.org
185,Roberta,Harper,roberta.harper@sakilacustomer.org
186,Holly,Fox,holly.fox@sakilacustomer.org
187,Brittany,Riley,brittany.riley@sakilacustomer.org
188,Melanie,Armstrong,melanie.armstrong@sakilacustomer.org
189,Loretta,Carpenter,loretta.carpenter@sakilacustomer.org
190,Yolanda,Weaver,yolanda.weaver@sakilacustomer.org
191,Jeanette,Greene,jeanette.greene@sakilacustomer.org
192,Laurie,Lawrence,laurie.lawrence@sakilacustomer.org
193,Katie,Elliott,katie.elliott@sakilacustomer.org
194,Kristen,Chavez,kristen.chavez@sakilacustomer.org
195,Vanessa,Sims,vanessa.sims@sakilacustomer.org
196,Alma,Austin,alma.austin@sakilacustomer.org
197,Sue,Peters,sue.peters@sakilacustomer.org
198,Elsie,Kelley,elsie.kelley@sakilacustomer.org
199,Beth,Franklin,beth.franklin@sakilacustomer.org
200,Jeanne,Lawson,jeanne.lawson@sakilacustomer.org
526,Karl,Seal,karl.seal@sakilacustomer.org
524,Jared,Ely,jared.ely@sakilacustomer.org
201,Vicki,Fields,vicki.fields@sakilacustomer.org
202,Carla,Gutierrez,carla.gutierrez@sakilacustomer.org
203,Tara,Ryan,tara.ryan@sakilacustomer.org
204,Rosemary,Schmidt,rosemary.schmidt@sakilacustomer.org
205,Eileen,Carr,eileen.carr@sakilacustomer.org
206,Terri,Vasquez,terri.vasquez@sakilacustomer.org
207,Gertrude,Castillo,gertrude.castillo@sakilacustomer.org
208,Lucy,Wheeler,lucy.wheeler@sakilacustomer.org
209,Tonya,Chapman,tonya.chapman@sakilacustomer.org
210,Ella,Oliver,ella.oliver@sakilacustomer.org
211,Stacey,Montgomery,stacey.montgomery@sakilacustomer.org
212,Wilma,Richards,wilma.richards@sakilacustomer.org
213,Gina,Williamson,gina.williamson@sakilacustomer.org
214,Kristin,Johnston,kristin.johnston@sakilacustomer.org
215,Jessie,Banks,jessie.banks@sakilacustomer.org
216,Natalie,Meyer,natalie.meyer@sakilacustomer.org
217,Agnes,Bishop,agnes.bishop@sakilacustomer.org
218,Vera,Mccoy,vera.mccoy@sakilacustomer.org
219,Willie,Howell,willie.howell@sakilacustomer.org
220,Charlene,Alvarez,charlene.alvarez@sakilacustomer.org
221,Bessie,Morrison,bessie.morrison@sakilacustomer.org
222,Delores,Hansen,delores.hansen@sakilacustomer.org
223,Melinda,Fernandez,melinda.fernandez@sakilacustomer.org
224,Pearl,Garza,pearl.garza@sakilacustomer.org
225,Arlene,Harvey,arlene.harvey@sakilacustomer.org
226,Maureen,Little,maureen.little@sakilacustomer.org
227,Colleen,Burton,colleen.burton@sakilacustomer.org
228,Allison,Stanley,allison.stanley@sakilacustomer.org
229,Tamara,Nguyen,tamara.nguyen@sakilacustomer.org
230,Joy,George,joy.george@sakilacustomer.org
231,Georgia,Jacobs,georgia.jacobs@sakilacustomer.org
232,Constance,Reid,constance.reid@sakilacustomer.org
233,Lillie,Kim,lillie.kim@sakilacustomer.org
234,Claudia,Fuller,claudia.fuller@sakilacustomer.org
235,Jackie,Lynch,jackie.lynch@sakilacustomer.org
236,Marcia,Dean,marcia.dean@sakilacustomer.org
237,Tanya,Gilbert,tanya.gilbert@sakilacustomer.org
238,Nellie,Garrett,nellie.garrett@sakilacustomer.org
239,Minnie,Romero,minnie.romero@sakilacustomer.org
240,Marlene,Welch,marlene.welch@sakilacustomer.org
241,Heidi,Larson,heidi.larson@sakilacustomer.org
242,Glenda,Frazier,glenda.frazier@sakilacustomer.org
243,Lydia,Burke,lydia.burke@sakilacustomer.org
244,Viola,Hanson,viola.hanson@sakilacustomer.org
245,Courtney,Day,courtney.day@sakilacustomer.org
246,Marian,Mendoza,marian.mendoza@sakilacustomer.org
247,Stella,Moreno,stella.moreno@sakilacustomer.org
248,Caroline,Bowman,caroline.bowman@sakilacustomer.org
249,Dora,Medina,dora.medina@sakilacustomer.org
250,Jo,Fowler,jo.fowler@sakilacustomer.org
251,Vickie,Brewer,vickie.brewer@sakilacustomer.org
252,Mattie,Hoffman,mattie.hoffman@sakilacustomer.org
253,Terry,Carlson,terry.carlson@sakilacustomer.org
254,Maxine,Silva,maxine.silva@sakilacustomer.org
255,Irma,Pearson,irma.pearson@sakilacustomer.org
256,Mabel,Holland,mabel.holland@sakilacustomer.org
257,Marsha,Douglas,marsha.douglas@sakilacustomer.org
258,Myrtle,Fleming,myrtle.fleming@sakilacustomer.org
259,Lena,Jensen,lena.jensen@sakilacustomer.org
260,Christy,Vargas,christy.vargas@sakilacustomer.org
261,Deanna,Byrd,deanna.byrd@sakilacustomer.org
262,Patsy,Davidson,patsy.davidson@sakilacustomer.org
263,Hilda,Hopkins,hilda.hopkins@sakilacustomer.org
264,Gwendolyn,May,gwendolyn.may@sakilacustomer.org
265,Jennie,Terry,jennie.terry@sakilacustomer.org
266,Nora,Herrera,nora.herrera@sakilacustomer.org
267,Margie,Wade,margie.wade@sakilacustomer.org
268,Nina,Soto,nina.soto@sakilacustomer.org
269,Cassandra,Walters,cassandra.walters@sakilacustomer.org
270,Leah,Curtis,leah.curtis@sakilacustomer.org
271,Penny,Neal,penny.neal@sakilacustomer.org
272,Kay,Caldwell,kay.caldwell@sakilacustomer.org
273,Priscilla,Lowe,priscilla.lowe@sakilacustomer.org
274,Naomi,Jennings,naomi.jennings@sakilacustomer.org
275,Carole,Barnett,carole.barnett@sakilacustomer.org
276,Brandy,Graves,brandy.graves@sakilacustomer.org
277,Olga,Jimenez,olga.jimenez@sakilacustomer.org
278,Billie,Horton,billie.horton@sakilacustomer.org
279,Dianne,Shelton,dianne.shelton@sakilacustomer.org
280,Tracey,Barrett,tracey.barrett@sakilacustomer.org
281,Leona,Obrien,leona.obrien@sakilacustomer.org
282,Jenny,Castro,jenny.castro@sakilacustomer.org
283,Felicia,Sutton,felicia.sutton@sakilacustomer.org
284,Sonia,Gregory,sonia.gregory@sakilacustomer.org
285,Miriam,Mckinney,miriam.mckinney@sakilacustomer.org
286,Velma,Lucas,velma.lucas@sakilacustomer.org
287,Becky,Miles,becky.miles@sakilacustomer.org
288,Bobbie,Craig,bobbie.craig@sakilacustomer.org
289,Violet,Rodriquez,violet.rodriquez@sakilacustomer.org
290,Kristina,Chambers,kristina.chambers@sakilacustomer.org
291,Toni,Holt,toni.holt@sakilacustomer.org
292,Misty,Lambert,misty.lambert@sakilacustomer.org
293,Mae,Fletcher,mae.fletcher@sakilacustomer.org
294,Shelly,Watts,shelly.watts@sakilacustomer.org
295,Daisy,Bates,daisy.bates@sakilacustomer.org
296,Ramona,Hale,ramona.hale@sakilacustomer.org
297,Sherri,Rhodes,sherri.rhodes@sakilacustomer.org
298,Erika,Pena,erika.pena@sakilacustomer.org
299,James,Gannon,james.gannon@sakilacustomer.org
300,John,Farnsworth,john.farnsworth@sakilacustomer.org
301,Robert,Baughman,robert.baughman@sakilacustomer.org
302,Michael,Silverman,michael.silverman@sakilacustomer.org
303,William,Satterfield,william.satterfield@sakilacustomer.org
304,David,Royal,david.royal@sakilacustomer.org
305,Richard,Mccrary,richard.mccrary@sakilacustomer.org
306,Charles,Kowalski,charles.kowalski@sakilacustomer.org
307,Joseph,Joy,joseph.joy@sakilacustomer.org
308,Thomas,Grigsby,thomas.grigsby@sakilacustomer.org
309,Christopher,Greco,christopher.greco@sakilacustomer.org
310,Daniel,Cabral,daniel.cabral@sakilacustomer.org
311,Paul,Trout,paul.trout@sakilacustomer.org
312,Mark,Rinehart,mark.rinehart@sakilacustomer.org
313,Donald,Mahon,donald.mahon@sakilacustomer.org
314,George,Linton,george.linton@sakilacustomer.org
315,Kenneth,Gooden,kenneth.gooden@sakilacustomer.org
316,Steven,Curley,steven.curley@sakilacustomer.org
317,Edward,Baugh,edward.baugh@sakilacustomer.org
318,Brian,Wyman,brian.wyman@sakilacustomer.org
319,Ronald,Weiner,ronald.weiner@sakilacustomer.org
320,Anthony,Schwab,anthony.schwab@sakilacustomer.org
321,Kevin,Schuler,kevin.schuler@sakilacustomer.org
322,Jason,Morrissey,jason.morrissey@sakilacustomer.org
323,Matthew,Mahan,matthew.mahan@sakilacustomer.org
324,Gary,Coy,gary.coy@sakilacustomer.org
325,Timothy,Bunn,timothy.bunn@sakilacustomer.org
326,Jose,Andrew,jose.andrew@sakilacustomer.org
327,Larry,Thrasher,larry.thrasher@sakilacustomer.org
328,Jeffrey,Spear,jeffrey.spear@sakilacustomer.org
329,Frank,Waggoner,frank.waggoner@sakilacustomer.org
330,Scott,Shelley,scott.shelley@sakilacustomer.org
331,Eric,Robert,eric.robert@sakilacustomer.org
332,Stephen,Qualls,stephen.qualls@sakilacustomer.org
333,Andrew,Purdy,andrew.purdy@sakilacustomer.org
334,Raymond,Mcwhorter,raymond.mcwhorter@sakilacustomer.org
335,Gregory,Mauldin,gregory.mauldin@sakilacustomer.org
336,Joshua,Mark,joshua.mark@sakilacustomer.org
337,Jerry,Jordon,jerry.jordon@sakilacustomer.org
338,Dennis,Gilman,dennis.gilman@sakilacustomer.org
339,Walter,Perryman,walter.perryman@sakilacustomer.org
340,Patrick,Newsom,patrick.newsom@sakilacustomer.org
341,Peter,Menard,peter.menard@sakilacustomer.org
342,Harold,Martino,harold.martino@sakilacustomer.org
343,Douglas,Graf,douglas.graf@sakilacustomer.org
344,Henry,Billingsley,henry.billingsley@sakilacustomer.org
345,Carl,Artis,carl.artis@sakilacustomer.org
346,Arthur,Simpkins,arthur.simpkins@sakilacustomer.org
347,Ryan,Salisbury,ryan.salisbury@sakilacustomer.org
348,Roger,Quintanilla,roger.quintanilla@sakilacustomer.org
349,Joe,Gilliland,joe.gilliland@sakilacustomer.org
350,Juan,Fraley,juan.fraley@sakilacustomer.org
351,Jack,Foust,jack.foust@sakilacustomer.org
352,Albert,Crouse,albert.crouse@sakilacustomer.org
353,Jonathan,Scarborough,jonathan.scarborough@sakilacustomer.org
354,Justin,Ngo,justin.ngo@sakilacustomer.org
355,Terry,Grissom,terry.grissom@sakilacustomer.org
356,Gerald,Fultz,gerald.fultz@sakilacustomer.org
357,Keith,Rico,keith.rico@sakilacustomer.org
358,Samuel,Marlow,samuel.marlow@sakilacustomer.org
359,Willie,Markham,willie.markham@sakilacustomer.org
360,Ralph,Madrigal,ralph.madrigal@sakilacustomer.org
361,Lawrence,Lawton,lawrence.lawton@sakilacustomer.org
362,Nicholas,Barfield,nicholas.barfield@sakilacustomer.org
363,Roy,Whiting,roy.whiting@sakilacustomer.org
364,Benjamin,Varney,benjamin.varney@sakilacustomer.org
365,Bruce,Schwarz,bruce.schwarz@sakilacustomer.org
366,Brandon,Huey,brandon.huey@sakilacustomer.org
367,Adam,Gooch,adam.gooch@sakilacustomer.org
368,Harry,Arce,harry.arce@sakilacustomer.org
369,Fred,Wheat,fred.wheat@sakilacustomer.org
370,Wayne,Truong,wayne.truong@sakilacustomer.org
371,Billy,Poulin,billy.poulin@sakilacustomer.org
372,Steve,Mackenzie,steve.mackenzie@sakilacustomer.org
373,Louis,Leone,louis.leone@sakilacustomer.org
374,Jeremy,Hurtado,jeremy.hurtado@sakilacustomer.org
375,Aaron,Selby,aaron.selby@sakilacustomer.org
376,Randy,Gaither,randy.gaither@sakilacustomer.org
377,Howard,Fortner,howard.fortner@sakilacustomer.org
378,Eugene,Culpepper,eugene.culpepper@sakilacustomer.org
379,Carlos,Coughlin,carlos.coughlin@sakilacustomer.org
380,Russell,Brinson,russell.brinson@sakilacustomer.org
381,Bobby,Boudreau,bobby.boudreau@sakilacustomer.org
382,Victor,Barkley,victor.barkley@sakilacustomer.org
383,Martin,Bales,martin.bales@sakilacustomer.org
384,Ernest,Stepp,ernest.stepp@sakilacustomer.org
385,Phillip,Holm,phillip.holm@sakilacustomer.org
386,Todd,Tan,todd.tan@sakilacustomer.org
387,Jesse,Schilling,jesse.schilling@sakilacustomer.org
388,Craig,Morrell,craig.morrell@sakilacustomer.org
389,Alan,Kahn,alan.kahn@sakilacustomer.org
390,Shawn,Heaton,shawn.heaton@sakilacustomer.org
391,Clarence,Gamez,clarence.gamez@sakilacustomer.org
392,Sean,Douglass,sean.douglass@sakilacustomer.org
393,Philip,Causey,philip.causey@sakilacustomer.org
394,Chris,Brothers,chris.brothers@sakilacustomer.org
395,Johnny,Turpin,johnny.turpin@sakilacustomer.org
396,Earl,Shanks,earl.shanks@sakilacustomer.org
397,Jimmy,Schrader,jimmy.schrader@sakilacustomer.org
398,Antonio,Meek,antonio.meek@sakilacustomer.org
399,Danny,Isom,danny.isom@sakilacustomer.org
400,Bryan,Hardison,bryan.hardison@sakilacustomer.org
401,Tony,Carranza,tony.carranza@sakilacustomer.org
402,Luis,Yanez,luis.yanez@sakilacustomer.org
403,Mike,Way,mike.way@sakilacustomer.org
404,Stanley,Scroggins,stanley.scroggins@sakilacustomer.org
405,Leonard,Schofield,leonard.schofield@sakilacustomer.org
406,Nathan,Runyon,nathan.runyon@sakilacustomer.org
407,Dale,Ratcliff,dale.ratcliff@sakilacustomer.org
408,Manuel,Murrell,manuel.murrell@sakilacustomer.org
409,Rodney,Moeller,rodney.moeller@sakilacustomer.org
410,Curtis,Irby,curtis.irby@sakilacustomer.org
411,Norman,Currier,norman.currier@sakilacustomer.org
412,Allen,Butterfield,allen.butterfield@sakilacustomer.org
413,Marvin,Yee,marvin.yee@sakilacustomer.org
414,Vincent,Ralston,vincent.ralston@sakilacustomer.org
415,Glenn,Pullen,glenn.pullen@sakilacustomer.org
416,Jeffery,Pinson,jeffery.pinson@sakilacustomer.org
417,Travis,Estep,travis.estep@sakilacustomer.org
418,Jeff,East,jeff.east@sakilacustomer.org
419,Chad,Carbone,chad.carbone@sakilacustomer.org
420,Jacob,Lance,jacob.lance@sakilacustomer.org
421,Lee,Hawks,lee.hawks@sakilacustomer.org
422,Melvin,Ellington,melvin.ellington@sakilacustomer.org
423,Alfred,Casillas,alfred.casillas@sakilacustomer.org
424,Kyle,Spurlock,kyle.spurlock@sakilacustomer.org
425,Francis,Sikes,francis.sikes@sakilacustomer.org
426,Bradley,Motley,bradley.motley@sakilacustomer.org
427,Jesus,Mccartney,jesus.mccartney@sakilacustomer.org
428,Herbert,Kruger,herbert.kruger@sakilacustomer.org
429,Frederick,Isbell,frederick.isbell@sakilacustomer.org
430,Ray,Houle,ray.houle@sakilacustomer.org
431,Joel,Francisco,joel.francisco@sakilacustomer.org
432,Edwin,Burk,edwin.burk@sakilacustomer.org
433,Don,Bone,don.bone@sakilacustomer.org
434,Eddie,Tomlin,eddie.tomlin@sakilacustomer.org
435,Ricky,Shelby,ricky.shelby@sakilacustomer.org
436,Troy,Quigley,troy.quigley@sakilacustomer.org
437,Randall,Neumann,randall.neumann@sakilacustomer.org
438,Barry,Lovelace,barry.lovelace@sakilacustomer.org
439,Alexander,Fennell,alexander.fennell@sakilacustomer.org
440,Bernard,Colby,bernard.colby@sakilacustomer.org
441,Mario,Cheatham,mario.cheatham@sakilacustomer.org
442,Leroy,Bustamante,leroy.bustamante@sakilacustomer.org
443,Francisco,Skidmore,francisco.skidmore@sakilacustomer.org
444,Marcus,Hidalgo,marcus.hidalgo@sakilacustomer.org
445,Micheal,Forman,micheal.forman@sakilacustomer.org
446,Theodore,Culp,theodore.culp@sakilacustomer.org
447,Clifford,Bowens,clifford.bowens@sakilacustomer.org
448,Miguel,Betancourt,miguel.betancourt@sakilacustomer.org
449,Oscar,Aquino,oscar.aquino@sakilacustomer.org
450,Jay,Robb,jay.robb@sakilacustomer.org
451,Jim,Rea,jim.rea@sakilacustomer.org
452,Tom,Milner,tom.milner@sakilacustomer.org
453,Calvin,Martel,calvin.martel@sakilacustomer.org
454,Alex,Gresham,alex.gresham@sakilacustomer.org
455,Jon,Wiles,jon.wiles@sakilacustomer.org
456,Ronnie,Ricketts,ronnie.ricketts@sakilacustomer.org
457,Bill,Gavin,bill.gavin@sakilacustomer.org
458,Lloyd,Dowd,lloyd.dowd@sakilacustomer.org
459,Tommy,Collazo,tommy.collazo@sakilacustomer.org
460,Leon,Bostic,leon.bostic@sakilacustomer.org
461,Derek,Blakely,derek.blakely@sakilacustomer.org
462,Warren,Sherrod,warren.sherrod@sakilacustomer.org
463,Darrell,Power,darrell.power@sakilacustomer.org
464,Jerome,Kenyon,jerome.kenyon@sakilacustomer.org
465,Floyd,Gandy,floyd.gandy@sakilacustomer.org
466,Leo,Ebert,leo.ebert@sakilacustomer.org
467,Alvin,Deloach,alvin.deloach@sakilacustomer.org
468,Tim,Cary,tim.cary@sakilacustomer.org
469,Wesley,Bull,wesley.bull@sakilacustomer.org
470,Gordon,Allard,gordon.allard@sakilacustomer.org
471,Dean,Sauer,dean.sauer@sakilacustomer.org
472,Greg,Robins,greg.robins@sakilacustomer.org
473,Jorge,Olivares,jorge.olivares@sakilacustomer.org
474,Dustin,Gillette,dustin.gillette@sakilacustomer.org
475,Pedro,Chestnut,pedro.chestnut@sakilacustomer.org
476,Derrick,Bourque,derrick.bourque@sakilacustomer.org
477,Dan,Paine,dan.paine@sakilacustomer.org
478,Lewis,Lyman,lewis.lyman@sakilacustomer.org
479,Zachary,Hite,zachary.hite@sakilacustomer.org
480,Corey,Hauser,corey.hauser@sakilacustomer.org
481,Herman,Devore,herman.devore@sakilacustomer.org
482,Maurice,Crawley,maurice.crawley@sakilacustomer.org
483,Vernon,Chapa,vernon.chapa@sakilacustomer.org
484,Roberto,Vu,roberto.vu@sakilacustomer.org
485,Clyde,Tobias,clyde.tobias@sakilacustomer.org
486,Glen,Talbert,glen.talbert@sakilacustomer.org
487,Hector,Poindexter,hector.poindexter@sakilacustomer.org
488,Shane,Millard,shane.millard@sakilacustomer.org
489,Ricardo,Meador,ricardo.meador@sakilacustomer.org
490,Sam,Mcduffie,sam.mcduffie@sakilacustomer.org
491,Rick,Mattox,rick.mattox@sakilacustomer.org
492,Lester,Kraus,lester.kraus@sakilacustomer.org
493,Brent,Harkins,brent.harkins@sakilacustomer.org
494,Ramon,Choate,ramon.choate@sakilacustomer.org
495,Charlie,Bess,charlie.bess@sakilacustomer.org
496,Tyler,Wren,tyler.wren@sakilacustomer.org
497,Gilbert,Sledge,gilbert.sledge@sakilacustomer.org
498,Gene,Sanborn,gene.sanborn@sakilacustomer.org
499,Marc,Outlaw,marc.outlaw@sakilacustomer.org
500,Reginald,Kinder,reginald.kinder@sakilacustomer.org
501,Ruben,Geary,ruben.geary@sakilacustomer.org
502,Brett,Cornwell,brett.cornwell@sakilacustomer.org
503,Angel,Barclay,angel.barclay@sakilacustomer.org
504,Nathaniel,Adam,nathaniel.adam@sakilacustomer.org
505,Rafael,Abney,rafael.abney@sakilacustomer.org
506,Leslie,Seward,leslie.seward@sakilacustomer.org
507,Edgar,Rhoads,edgar.rhoads@sakilacustomer.org
508,Milton,Howland,milton.howland@sakilacustomer.org
509,Raul,Fortier,raul.fortier@sakilacustomer.org
510,Ben,Easter,ben.easter@sakilacustomer.org
511,Chester,Benner,chester.benner@sakilacustomer.org
512,Cecil,Vines,cecil.vines@sakilacustomer.org
513,Duane,Tubbs,duane.tubbs@sakilacustomer.org
514,Franklin,Troutman,franklin.troutman@sakilacustomer.org
515,Andre,Rapp,andre.rapp@sakilacustomer.org
516,Elmer,Noe,elmer.noe@sakilacustomer.org
517,Brad,Mccurdy,brad.mccurdy@sakilacustomer.org
518,Gabriel,Harder,gabriel.harder@sakilacustomer.org
519,Ron,Deluca,ron.deluca@sakilacustomer.org
520,Mitchell,Westmoreland,mitchell.westmoreland@sakilacustomer.org
521,Roland,South,roland.south@sakilacustomer.org
522,Arnold,Havens,arnold.havens@sakilacustomer.org
523,Harvey,Guajardo,harvey.guajardo@sakilacustomer.org
525,Adrian,Clary,adrian.clary@sakilacustomer.org
527,Cory,Meehan,cory.meehan@sakilacustomer.org
528,Claude,Herzog,claude.herzog@sakilacustomer.org
529,Erik,Guillen,erik.guillen@sakilacustomer.org
530,Darryl,Ashcraft,darryl.ashcraft@sakilacustomer.org
531,Jamie,Waugh,jamie.waugh@sakilacustomer.org
532,Neil,Renner,neil.renner@sakilacustomer.org
533,Jessie,Milam,jessie.milam@sakilacustomer.org
534,Christian,Jung,christian.jung@sakilacustomer.org
535,Javier,Elrod,javier.elrod@sakilacustomer.org
536,Fernando,Churchill,fernando.churchill@sakilacustomer.org
537,Clinton,Buford,clinton.buford@sakilacustomer.org
538,Ted,Breaux,ted.breaux@sakilacustomer.org
539,Mathew,Bolin,mathew.bolin@sakilacustomer.org
540,Tyrone,Asher,tyrone.asher@sakilacustomer.org
541,Darren,Windham,darren.windham@sakilacustomer.org
542,Lonnie,Tirado,lonnie.tirado@sakilacustomer.org
543,Lance,Pemberton,lance.pemberton@sakilacustomer.org
544,Cody,Nolen,cody.nolen@sakilacustomer.org
545,Julio,Noland,julio.noland@sakilacustomer.org
546,Kelly,Knott,kelly.knott@sakilacustomer.org
547,Kurt,Emmons,kurt.emmons@sakilacustomer.org
548,Allan,Cornish,allan.cornish@sakilacustomer.org
549,Nelson,Christenson,nelson.christenson@sakilacustomer.org
550,Guy,Brownlee,guy.brownlee@sakilacustomer.org
551,Clayton,Barbee,clayton.barbee@sakilacustomer.org
552,Hugh,Waldrop,hugh.waldrop@sakilacustomer.org
553,Max,Pitt,max.pitt@sakilacustomer.org
554,Dwayne,Olvera,dwayne.olvera@sakilacustomer.org
555,Dwight,Lombardi,dwight.lombardi@sakilacustomer.org
556,Armando,Gruber,armando.gruber@sakilacustomer.org
557,Felix,Gaffney,felix.gaffney@sakilacustomer.org
558,Jimmie,Eggleston,jimmie.eggleston@sakilacustomer.org
559,Everett,Banda,everett.banda@sakilacustomer.org
560,Jordan,Archuleta,jordan.archuleta@sakilacustomer.org
561,Ian,Still,ian.still@sakilacustomer.org
562,Wallace,Slone,wallace.slone@sakilacustomer.org
563,Ken,Prewitt,ken.prewitt@sakilacustomer.org
564,Bob,Pfeiffer,bob.pfeiffer@sakilacustomer.org
565,Jaime,Nettles,jaime.nettles@sakilacustomer.org
566,Casey,Mena,casey.mena@sakilacustomer.org
567,Alfredo,Mcadams,alfredo.mcadams@sakilacustomer.org
568,Alberto,Henning,alberto.henning@sakilacustomer.org
569,Dave,Gardiner,dave.gardiner@sakilacustomer.org
570,Ivan,Cromwell,ivan.cromwell@sakilacustomer.org
571,Johnnie,Chisholm,johnnie.chisholm@sakilacustomer.org
572,Sidney,Burleson,sidney.burleson@sakilacustomer.org
573,Byron,Box,byron.box@sakilacustomer.org
574,Julian,Vest,julian.vest@sakilacustomer.org
575,Isaac,Oglesby,isaac.oglesby@sakilacustomer.org
576,Morris,Mccarter,morris.mccarter@sakilacustomer.org
577,Clifton,Malcolm,clifton.malcolm@sakilacustomer.org
578,Willard,Lumpkin,willard.lumpkin@sakilacustomer.org
579,Daryl,Larue,daryl.larue@sakilacustomer.org
580,Ross,Grey,ross.grey@sakilacustomer.org
581,Virgil,Wofford,virgil.wofford@sakilacustomer.org
582,Andy,Vanhorn,andy.vanhorn@sakilacustomer.org
583,Marshall,Thorn,marshall.thorn@sakilacustomer.org
584,Salvador,Teel,salvador.teel@sakilacustomer.org
585,Perry,Swafford,perry.swafford@sakilacustomer.org
586,Kirk,Stclair,kirk.stclair@sakilacustomer.org
587,Sergio,Stanfield,sergio.stanfield@sakilacustomer.org
588,Marion,Ocampo,marion.ocampo@sakilacustomer.org
589,Tracy,Herrmann,tracy.herrmann@sakilacustomer.org
590,Seth,Hannon,seth.hannon@sakilacustomer.org
591,Kent,Arsenault,kent.arsenault@sakilacustomer.org
592,Terrance,Roush,terrance.roush@sakilacustomer.org
593,Rene,Mcalister,rene.mcalister@sakilacustomer.org
594,Eduardo,Hiatt,eduardo.hiatt@sakilacustomer.org
595,Terrence,Gunderson,terrence.gunderson@sakilacustomer.org
596,Enrique,Forsythe,enrique.forsythe@sakilacustomer.org
597,Freddie,Duggan,freddie.duggan@sakilacustomer.org
598,Wade,Delvalle,wade.delvalle@sakilacustomer.org
599,Austin,Cintron,austin.cintron@sakilacustomer.org